tableName,columnName,columnDisplayLabel,columnDataType,columnDataLength,isMandatory,isUiReadOnly,hideInUi,showInObjectReference,uiFieldType,showInSearchCriteria,enableRangeSearch,showInSearchResults,isUnique,enableIndex,excludeInCustomAPI,excludeInApis,orderByIndex,disableLookup,sectionName,defaultValue,parameterValueToShowSection,EnablePublicAccess,showImage,applyTimeZone,enableShowHideForDependentFields,parentParameterValueToShowField,fileStorageType,attachmentMaxAllowedSize,disallowNegativeValues,disallowZero,collectionType,serializableName,additionalData,enableDataUpload,uploadColumnName
,,,,,,,,,,,,,,,,,,,,,,,,,,,,,,,,,,,
UserInfo,FirstName,First Name,String,50,Yes,No,No,Yes,INPUT,Yes,,Yes,,,,,,,,,,,,,,,,,,,,,,,
,LastName,Last Name,String,50,No,No,No,No,INPUT,Yes,,Yes,,,,,,,,,,,,,,,,,,,,,,,
,EmailId,Email Id,String,50,Yes,No,No,Yes,INPUT,,,,Yes,,Yes,,,,,,,,,,,,,,,,,,,,
,ContactNo,Contact No,String,20,Yes,No,No,No,INPUT,,,,Yes,,Yes,,,,,,,,,,,,,,,,,,,,
END,ApplicationUserUUID,Application User UUID,String,36,No,No,No,No,INPUT,No,,No,,Yes,Yes,,,,,,,,,,,,,,,,,,,,
,,,,,,,,,,,,,,,,,,,,,,,,,,,,,,,,,,,
ApplicationUser,EmailId,Email Id,String,50,Yes,No,No,Yes,INPUT,,,,,Yes,,,,,,,,,,,,,,,,,,,,,
,ContactNo,Contact No,String,20,Yes,No,No,No,INPUT,,,,,,,,,,,,,,,,,,,,,,,,,,
,Password,Password,String,1000,Yes,No,No,No,PASSWORD,,,,,,,,,,,,,,,,,,,,,,,,,,
,FirstName,First Name,String,50,Yes,No,No,No,INPUT,,,,,,,,,,,,,,,,,,,,,,,,,,
,LastName,Last Name,String,50,No,No,No,No,INPUT,,,,,,,,,,,,,,,,,,,,,,,,,,
,IsSysadmin,Is Sysadmin,Boolean,10,No,No,No,No,BOOLEAN,,,,,,Yes,,,,,,,,,,,,,,,,,,,,
,UserId,User Id,Number,10,No,No,No,No,INPUT,,,,, ,Yes,"Create,Update",,,,,,,,,,,,,,,,,,,
END,ProfilePicture,Profile Picture,File,50,No,No,No,No,FILE,,,,,,Yes,,,,,,,,Yes,,,,S3,,,,,,,,
,,,,,,,,,,,,,,,,,,,,,,,,,,,,,,,,,,,
AppUserType,ApplicationUserUUID,Application User UUID,String,36,Yes,No,No,No,INPUT,,,,,,,,,,,,,,,,,,,,,,,,,,
,UserIdSequence,User Id Sequence,Number,150,Yes,No,No,No,INPUT,,,,,,,,,,,,,,,,,,,,,,,,,,
,UserType,User Type,String,20,Yes,No,No,No,INPUT,,,,,,,,,,,,,,,,,,,,,,Yes,,,,
END,IsActive,Is Active,Boolean,10,No,No,No,No,BOOLEAN,,,,,,,,,,,,,,,,,,,,,,,,,,
,,,,,,,,,,,,,,,,,,,,,,,,,,,,,,,,,,,
PrivilegeGroup,Name,Name,String,100,Yes,No,No,Yes,INPUT,Yes,,,Yes,,,,,,,,,,,,,,,,,,,,,,
END,Description,Description,String,100,No,No,No,No,TEXT,Yes,,,,,,,,,,,,,,,,,,,,,,,,,
,,,,,,,,,,,,,,,,,,,,,,,,,,,,,,,,,,,
PrivilegeGroupItem,Name,Name,String,50,Yes,No,No,Yes,INPUT,,,,,,,,,,,,,,,,,,,,,,,,,,
,Description,Description,String,100,No,No,No,No,INPUT,,,,,,,,,,,,,,,,,,,,,,,,,,
END,PrivilegeGroup,Privilege Group,Lookup,,Yes,No,No,No,LOOKUP(PrivilegeGroup),,,,,,,,,,,,,,,,,,,,,,,,,,
,,,,,,,,,,,,,,,,,,,,,,,,,,,,,,,,,,,
UserRole,PrivilegeGroup,Privilege Group,Lookup,,Yes,No,No,No,LOOKUP(PrivilegeGroup),,,,,,,,,,,,,,,,,,,,,,,,,,
,Description,Description,String,100,No,No,No,No,INPUT,,,,,,,,,,,,,,,,,,,,,,,,,,
END,UserInfo,User Info,Lookup,,Yes,No,No,No,LOOKUP(UserInfo),,,,,,,,,,,,,,,,,,,,,,,,,,
,,,,,,,,,,,,,,,,,,,,,,,,,,,,,,,,,,,
OtpInfo,ObjectId,ObjectId,String,36,Yes,No,No,Yes,INPUT,,,,,,,,,,,,,,,,,,,,,,,,,,
,ActionType,Action Type,String,50,Yes,No,No,No,INPUT,,,,,,,,,,,,,,,,,,,,,,,,,,
,Otp,Otp,String,10,Yes,No,No,No,INPUT,,,,,,,,,,,,,,,,,,,,,,,,,,
,GenerationTime,GenerationTime,DateTimeWithSeconds,50,No,No,No,No,INPUT,,,,,,,,,,,,,,,,,,,,,,,,,,
,EmailId,Email Id,String,50,No,No,No,No,INPUT,,,,,,,,,,,,,,,,,,,,,,,,,,
END,ContactNo,ContactNo,String,50,Yes,No,No,No,INPUT,,,,,,,,,,,,,,,,,,,,,,,,,,
,,,,,,,,,,,,,,,,,,,,,,,,,,,,,,,,,,,
PrivilegeGroupItemDataObject,Name,Name,String,100,Yes,No,No,No,INPUT,,,,,,,,,,,,,,,,,,,,,,,,,,
END,Description,Description,String,150,Yes,No,No,No,INPUT,,,,,,,,,,,,,,,,,,,,,,,,,,
,,,,,,,,,,,,,,,,,,,,,,,,,,,,,,,,,,,
Employee,FirstName,First Name,String,50,Yes,No,No,Yes,INPUT,Yes,,Yes,,,Yes,,,,BasicDetails,,,,,,,,,,,,,,,,
,LastName,LastName,String,50,No,No,No,No,INPUT,,,Yes,,,Yes,,,,BasicDetails,,,,,,,,,,,,,,,,
,EmailId,Email Id,String,50,No,No,No,No,INPUT,,,Yes,Yes,,Yes,,,,BasicDetails,,,,,,,,,,,,,,,,
,Attachments,Attachments,File,50,Yes,No,No,No,FILE,,,,,,,,,,BasicDetails,,,,,,,,,,,,,,,,
,Location,Location,Lookup,,No,No,No,No,LOOKUP(EmpLocation),,,,,,,,,,BasicDetails,,,,,,,,,,,,,,,,
,JoininigDate,Joininig Date,Date,20,No,No,No,No,CALENDER,No,,,,,,,,,BasicDetails,,,,,,,,,,,,,,,,
,Gender,Gender,Combo,50,No,No,No,No,COMBO(Gender),,,,,,,,,,BasicDetails,,,,,,,,,,,,,,,,
,DateTimeField,Date Time Field,DateTime,20,No,No,No,No,DATETIME,,,,,,,,,,BasicDetails,,,,,,,,,,,,,,,,
,DateTimeWithSecondsField,Date Time With Seconds Field,DateTimeWithSeconds,20,No,No,No,No,DATETIME_WITH_SECONDS,,,,,,,,,,BasicDetails,,,,,Yes,,,,,,,,,,,
,TimeField,Time Field,Time,20,No,No,No,No,TIME,,,,,,,,,,BasicDetails,,,,,,,,,,,,,,,,
,TimeWithSecondsField,Time With Seconds Field,TimeWithSeconds,20,No,No,No,No,TIME_WITH_SECONDS,,,,,,,,,,BasicDetails,,,,,,,,,,,,,,,,
,EnableJobDetails,Enable Job Details,Boolean,10,No,No,No,,BOOLEAN,,,,,,,,,,BasicDetails,,JobDetails:true,,,,,,,,,,,,,,
,Location1,Location1,Lookup,,No,No,No,No,SEARCH_POPUP(EmpLocation),,,,,,,,,,BasicDetails,,,,,,,,,,,,,,,,
,Location2,Location2,Lookup,,No,No,No,No,SEARCH_POPUP(EmpLocation),,,,,,,,,,JobDetails,,,,,,,,,,,,,,,,
,NoOfChildren,No Of Children,Number,10,No,No,No,No,INPUT,,,,,,,,,,JobDetails,,,,,,,,,,,,,,,,
,Salary,Salary,BigDecimal,"14,2",No,No,No,No,INPUT,,,,,,,,,,JobDetails,,,,,,,,,,,,,,,,
,Hike,Hike,BigDecimal,"14,2",No,No,No,No,INPUT,,,,,,,,,,JobDetails,,,,,,,,,,,,,,,,
,ObjectId,ObjectId,Long,10,Yes,No,No,No,INPUT,,,,,,,,,,JobDetails,,,,,,,,,,,,,,,,
,IsUserValidated,Is User Validated,Boolean,10,Yes,No,No,,BOOLEAN,,,,,,,,,,JobDetails,,,,,,,,,,,,,,,,
,EmploymentTypeContext,EmploymentType,Combo,20,No,No,No,No,COMBO(EmploymentTypeContext),No,,No,,,Yes,,,,JobDetails,,,,,,Yes,,,,,,,,,,
,EmploymentTypeColumn1,Column1,String,50,No,No,No,No,INPUT,No,,No,,,Yes,,,,JobDetails,,,,,,,,,,,,,,,,
,EmploymentTypeColumn2,Column2,String,50,No,No,No,No,INPUT,No,,No,,,Yes,,,,JobDetails,,,,,,,,,,,,,,,,
END,EmploymentTypeColumn3,Column3,String,50,No,No,No,No,INPUT,No,,No,,,Yes,,,,JobDetails,,,,,,,,,,,,,,,,
,,,,,,,,,,,,,,,,,,,,,,,,,,,,,,,,,,,
EmpLocation,LocationName,Location Name,String,50,Yes,No,No,Yes,INPUT,,,,,Yes,,,2,,,,,,,,,,,,,,,,,,LocationName
,LocationType,Location Type,Combo,50,No,No,No,No,COMBO(LocationType),,,,,,,,,,,Rural,,,,,,,,,,,,,,,
,EnableLocationNameUpdate,Enable Location Name,Boolean,10,No,No,No,,BOOLEAN,,,,,,,,,,,,,,,,,,,,,,,,,,
,Description,Description,String,50,No,No,No,No,TEXTAREA,,,,,,,,1:desc,,,,,,,,,,,,,,,,,,
,ExcludeColumnTest,Exclude Column Test,String,50,No,No,No,No,TEXTAREA,,,,,,Yes,"Update,RetrieveList,Create",,,,,,,,,,,,,,,,,,,
,Editor1,Editor 1,RichText,,No,No,No,No,RICH_TEXT,,,,,,,,,,,,,,,,,,,,,,,,,,
END,Editor2,Editor 2,RichText,,No,No,No,No,RICH_TEXT,,,,,,,,,,,,,,,,,,,,,,,,,,
,,,,,,,,,,,,,,,,,,,,,,,,,,,,,,,,,,,
EmployeeSection,SectionName,Section Name,String,50,Yes,No,No,Yes,INPUT,,,,,,,,,,,,,,,,,,,,,,,,,,
END,Description,Description,String,50,No,No,No,No,INPUT,,,,,,,,,,,,,,,,,,,,,,,,,,
,,,,,,,,,,,,,,,,,,,,,,,,,,,,,,,,,,,
EmpDependent,DepEmpName,Dependent Name,String,50,Yes,No,No,Yes,INPUT,,,Yes,,,,,,,,,,,,,,,,,,,,,,,
,EmployeeSection,Employee Section,Lookup,,No,No,No,No,LOOKUP(EmployeeSection),,,Yes,,,,,,,BasicDetails,,,,,,,,,,,,,,,,
,DepEmpRelationship,Relationship,String,50,No,No,No,No,INPUT,,,Yes,,,,,,,,,,,,,,,,,,,,,,,
,IsPassed,Is Passed,Boolean,10,Yes,No,No,No,BOOLEAN,,,Yes,,,,,,,,,,,,,Yes,,,,,,,,,,
,PassMarks,Pass Marks,Number,10,No,No,No,No,INPUT,,,Yes,,,,,,,,,,,,,,IsPassed:true,,,,,,,,,
END,FailMarks,Fail Marks,Number,10,No,No,No,No,INPUT,,,Yes,,,,,,,,,,,,,,IsPassed:false,,,,,,,,,
,,,,,,,,,,,,,,,,,,,,,,,,,,,,,,,,,,,
TaxType,Name,Name,String,50,Yes,No,No,Yes,INPUT,,,,,Yes,,,1,,,,,,,,,,,,,,,,,,
END,Description,Description,String,50,No,No,No,No,INPUT,,,,,,,,,,,,,,,,,,,,,,,,,,
,,,,,,,,,,,,,,,,,,,,,,,,,,,,,,,,,,,
TaxAccount,Name,Name,String,50,Yes,No,No,Yes,INPUT,,,,,Yes,,,1,,,,,,,,,,,,,,,,,,
END,TaxType,Tax Type,Lookup,,Yes,No,No,No,LOOKUP(TaxType),,,,,,,,,,,,,,,,,,,,,,,,,,
,,,,,,,,,,,,,,,,,,,,,,,,,,,,,,,,,,,
ApiParameterInfo,SectionName,Section Name,String,100,No,No,No,No,INPUT,,,,,,,,,,,,,,,,,,,,,,,,,,
,ClassName,Class Name,String,150,No,No,No,No,INPUT,,,,,,,,,,,,,,,,,,,,,,,,,,
,UiFieldType,Ui Field Type,String,50,Yes,No,No,No,INPUT,,,,,,,,,,,,,,,,,,,,,,,,,,
,Key,Key,String,100,Yes,No,No,No,INPUT,,,,,,,,,,,,,,,,,,,,,,,,,,
,Label,Label,String,100,Yes,No,No,No,INPUT,,,,,,,,,,,,,,,,,,,,,,,,,,
,IsMandatory,Is Mandatory,String,10,No,No,No,No,INPUT,,,,,,,,,,,,,,,,,,,,,,,,,,
,LookupApiName,Lookup Api Name,String,200,No,No,No,No,INPUT,,,,,,,,,,,,,,,,,,,,,,,,,,
,ServiceName,Service Name,String,200,No,No,No,No,INPUT,,,,,,,,,,,,,,,,,,,,,,,,,,
,CreatePageUrl,Create Page Url,String,500,No,No,No,No,INPUT,,,,,,,,,,,,,,,,,,,,,,,,,,
,Hide,Hide,String,10,No,No,No,No,INPUT,,,,,,,,,,,,,,,,,,,,,,,,,,
,ParentLookupModelName,Parent Lookup Model Name,String,200,No,No,No,No,INPUT,,,,,,,,,,,,,,,,,,,,,,,,,,
,ParentLookupFieldName,Parent Lookup Field Name,String,200,No,No,No,No,INPUT,,,,,,,,,,,,,,,,,,,,,,,,,,
,HideForUserType,HideForUserType,String,200,No,No,No,No,INPUT,,,,,,,,,,,,,,,,,,,,,,,,,,
,OptionsListName,Options List Name,String,200,No,No,No,No,INPUT,,,,,,,,,,,,,,,,,,,,,,,,,,
,ShowHideDependentFields,Show Hide Dependent Fields,String,10,No,No,No,No,INPUT,,,,,,,,,,,,,,,,,,,,,,,,,,
,ShowHideSections,Show Hide Sections,String,10,No,No,No,No,INPUT,,,,,,,,,,,,,,,,,,,,,,,,,,
,DisplayClassName,Display Class Name,String,100,No,No,No,No,INPUT,,,,,,,,,,,,,,,,,,,,,,,,,,
,ShowImage,Show Image,String,100,No,No,No,No,INPUT,,,,,,,,,,,,,,,,,,,,,,,,,,
,AdditionalProperties,Additional Properties,String,200,No,No,No,No,INPUT,,,,,,,,,,,,,,,,,,,,,,,,,,
,IsInjectedField,Is Injected Field,String,10,No,No,No,No,INPUT,,,,,,,,,,,,,,,,,,,,,,,,,,
,DataType,Data Type,String,20,No,No,No,No,INPUT,,,,,,,,,,,,,,,,,,,,,,,,,,
,DisableCommasInNumberDisplay,Disable Commas In Number Display,String,10,No,No,No,No,INPUT,,,,,,,,,,,,,,,,,,,,,,,,,,
,RowNumber,Row Number,String,20,No,No,No,No,INPUT,,,,,,,,,,,,,,,,,,,,,,,,,,
,GridColumnsCount,Grid Columns Count,String,20,No,No,No,No,INPUT,,,,,,,,,,,,,,,,,,,,,,,,,,
,IsOtherService,Is Other Service,Boolean,10,No,No,No,No,BOOLEAN,,,,,,,,,,,,,,,,,,,,,,,,,,
,OtherServiceContextPath,Other Service Context Path,String,50,No,No,No,No,INPUT,,,,,,,,,,,,,,,,,,,,,,,,,,
,RetrievePageUrl,Retrieve Page Url,String,200,No,No,No,No,INPUT,,,,,,,,,,,,,,,,,,,,,,,,,,
END,Placeholder,Placeholder,String,200,No,No,No,No,INPUT,,,,,,,,,,,,,,,,,,,,,,,,,,
,,,,,,,,,,,,,,,,,,,,,,,,,,,,,,,,,,,
Customer,CustomerName,Customer Name,String,50,Yes,No,No,Yes,INPUT,,,,,,,,,,,,,,,,,,,,,,,,,,
,EmailId,Email Id,String,50,No,No,No,No,INPUT,,,,,,,,,,,,,,,,,,,,,,,,,,
,Password,Password,String,1000,No,No,No,No,PASSWORD,,,,,,,,,,,,,,,,,,,,,,,,,,
,IsUserValidated,Is User Validated,Boolean,10,No,No,No,No,BOOLEAN,,,,,,,,,,,,,,,,,,,,,,,,,,
,Kpan,Kpan,String,12,No,No,No,No,INPUT,,,,Yes,,Yes,,,,,,,,,,,,,,,,,,,,
END,ContactNo,Contact No,String,50,No,No,No,No,INPUT,,,,,,,,,,,,,,,,,,,,,,,,,,
,,,,,,,,,,,,,,,,,,,,,,,,,,,,,,,,,,,
Buyer,FirstName,First Name,String,50,Yes,No,No,Yes,INPUT,Yes,,Yes,,,,,,,,,,,,,,,,,,,,,,,
,LastName,Last Name,String,50,No,No,No,No,INPUT,Yes,,Yes,,,,,,,,,,,,,,,,,,,,,,,
END,ShippingAddress,Shipping Address,String,50,Yes,No,No,No,INPUT,,,Yes,,,,,,,,,,,,,,,,,,,,,,,
,,,,,,,,,,,,,,,,,,,,,,,,,,,,,,,,,,,
Seller,FirstName,First Name,String,50,Yes,No,No,Yes,INPUT,Yes,,Yes,,,,,,,,,,,,,,,,,,,,,,,
,LastName,Last Name,String,50,No,No,No,No,INPUT,Yes,,Yes,,,,,,,,,,,,,,,,,,,,,,,
END,DispatchAddress,Dispatch Address,String,50,Yes,No,No,No,INPUT,,,Yes,,,,,,,,,,,,,,,,,,,,,,,
,,,,,,,,,,,,,,,,,,,,,,,,,,,,,,,,,,,
SalesInvoice,InvoiceNo,Invoice No,String,50,Yes,No,No,Yes,INPUT,,,,,,,,,,,,,,,,,,,,,,,,,,
,Location1,Location1,Lookup,,No,No,No,No,SEARCH_POPUP(EmpLocation),,,,,,,,,,,,,,,,,,,,,,,,,,
,InvoiceDate,Invoice Date,Date,20,No,No,No,No,CALENDER,,,,,,,,,,,,,,,,,,,,,,,,,,
,IsPassed,Is Passed,Boolean,10,Yes,No,No,No,BOOLEAN,,,Yes,,,,,,,,,,,,,Yes,,,,,,,,,,
,PassMarks,Pass Marks,Number,10,No,No,No,No,INPUT,,,Yes,,,,,,,,,,,,,,IsPassed:true,,,,,,,,,
END,FailMarks,Fail Marks,Number,10,No,No,No,No,INPUT,,,Yes,,,,,,,,,,,,,,IsPassed:false,,,,,,,,,
,,,,,,,,,,,,,,,,,,,,,,,,,,,,,,,,,,,
InvoiceLineItem,ProductName,Product Name,String,50,Yes,No,No,Yes,INPUT,,,,,,,,,,,,,,,,,,,,,,,,,,
,LastName,Last Name,String,50,No,No,No,No,INPUT,Yes,,Yes,,,,,,,,,,,,,,,,,,,,,,,
,Gender,Gender,Combo,50,No,No,No,No,COMBO(Gender),Yes,,Yes,,,,,,,,,,,,,,,,,,,,,,,
,Faculty1,Faculty1,Lookup,,No,No,No,No,SEARCH_POPUP(Faculty),,,,,,,,,,,,,,,,,,,,,,,,,,
,IsAccountActive,Is Account Active,Boolean,10,Yes,No,No,No,BOOLEAN,Yes,,Yes,,,,,,,,,,,,,,,,,,,,,,,
,DateOfBirth,Date Of Birth,Date,20,No,No,No,No,CALENDER,Yes,,Yes,,,,,,,,,,,,,,,,,,,,,,,
,DynamicLocation,Dynamic Location,Lookup,,No,No,No,No,LOOKUP(EmpLocation),Yes,,Yes,,,,,,,,,,,,,,,,,,,,,,,
,StaticLocation,Static Location,Lookup,,No,No,No,No,LOOKUP(EmpLocation),Yes,,Yes,,,,,,,,,,,,,,,,,,,,,,,
,Age,Age,Number,10,No,No,No,No,INPUT,Yes,,Yes,,,,,,,,,,,,,,,,,,,,,,,
,Percentage,Percentage,BigDecimal,"14,2",No,No,No,No,INPUT,Yes,,Yes,,,,,,,,,,,,,,,,,,,,,,,
,CollegeId,College Id,Long,10,Yes,No,No,No,INPUT,Yes,,Yes,,,,,,,,,,,,,,,,,,,,,,,
,DateTimeField,Date Time Field,DateTime,20,No,No,No,No,DATETIME,Yes,,Yes,,,,,,,,,,,,,,,,,,,,,,,
,DateTimeWithSecondsField,Date Time With Seconds Field,DateTimeWithSeconds,20,No,No,No,No,DATETIME_WITH_SECONDS,Yes,,Yes,,,,,,,,,,,,,,,,,,,,,,,
,TimeField,Time Field,Time,20,No,No,No,No,TIME,Yes,,Yes,,,,,,,,,,,,,,,,,,,,,,,
,TimeWithSecondsField,Time With Seconds Field,TimeWithSeconds,20,No,No,No,No,TIME_WITH_SECONDS,Yes,,Yes,,,,,,,,,,,,,,,,,,,,,,,
,IsPassed,Is Passed,Boolean,10,Yes,No,No,No,BOOLEAN,,,Yes,,,,,,,,,,,,,Yes,,,,,,,,,,
,PassMarks,Pass Marks,Number,10,No,No,No,No,INPUT,,,Yes,,,,,,,,,,,,,,IsPassed:true,,,,,,,,,
END,FailMarks,Fail Marks,Number,10,No,No,No,No,INPUT,,,Yes,,,,,,,,,,,,,,IsPassed:false,,,,,,,,,
,,,,,,,,,,,,,,,,,,,,,,,,,,,,,,,,,,,
,,,,,,,,,,,,,,,,,,,,,,,,,,,,,,,,,,,
CostCenterLineItem,CostCenterName,Cost Center Name,String,50,Yes,No,No,Yes,INPUT,,,,,,,,,,,,,,,,,,,,,,,,,,
,Employee1,Employee1,Lookup,,No,No,No,No,SEARCH_POPUP(Employee),,,,,,,,,,,,,,,,,,,,,,,,,,
END,Description,Description,String,50,No,No,No,Yes,INPUT,,,,,,,,,,,,,,,,,,,,,,,,,,
,,,,,,,,,,,,,,,,,,,,,,,,,,,,,,,,,,,
Student,FirstName,First Name,String,50,Yes,No,No,Yes,INPUT,Yes,,Yes,Yes,,,,,,Section1,,,,,,,,,,,,,,"{""minLength"":""4""}",,
,LastName,Last Name,String,50,No,No,No,Yes,INPUT,Yes,,Yes,,,,,1,,Section1,,,,,,,,,,,,,,,,
,ClassInfo,Class,Lookup,,Yes,No,No,No,LOOKUP(ClassInfo),Yes,,Yes,,,,,,,Section1,,,,,,,,,,,,,,"{""rowNumber"":""1""}",,
,Section,Section,Lookup,,No,No,No,No,LOOKUP(Section),Yes,,Yes,,,,,,,Section1,,,,,,,,,,,,,,"{""parentLookupFieldName"":""ClassInfo"",""rowNumber"":""1"", ""gridColumnsCount"":""8""}",,
,Gender,Gender,Combo,50,No,No,No,Yes,COMBO(Gender),Yes,,Yes,,,,,,,Section1,,,,,,,,,,,,,,"{""pageLoadDefaultValue"":""Male""}",,
,IsAccountActive,Is Account Active,Boolean,10,Yes,No,No,No,BOOLEAN,Yes,,Yes,,,,,,,Section1,TRUE,,,,,,,,,,,,,"{""pageLoadDefaultValue"":""true""}",,
,DateOfBirth,Date Of Birth,Date,20,No,No,No,No,CALENDER,Yes,Yes,Yes,,,,,0:desc,,Section1,,,,,,,,,,,,,,"{""pageLoadDefaultValue"":""CurrentTime""}",,
,DynamicLocation,Dynamic Location,Lookup,,No,No,No,No,LOOKUP(EmpLocation),Yes,,Yes,,,,,,,Section1,,,,,,,,,,,,,,,,
,StaticLocation,Static Location,Lookup,,No,No,No,No,LOOKUP(EmpLocation),Yes,,Yes,,,,,,,Section1,,,,,,,,,,,,,,,,
,Location1,Location1,Lookup,,No,No,No,No,SEARCH_POPUP(EmpLocation),Yes,,Yes,,,,,,,Section1,,,,,,,,,,,,,,,,
,Faculty1,Faculty1,Lookup,,No,No,No,No,SEARCH_POPUP(Faculty),,,,,,,,,,Section1,,,,,,,,,,,,,,,,
,ProfilePicture,Profile Picture,File,50,No,No,No,No,FILE,Yes,,Yes,,,,,,,Section2,,,,,,,,S3,,,,,,,,
,PublicPic,Public Pic,File,50,No,No,No,No,FILE,Yes,,Yes,,,,,,,Section2,,,Yes,,,,,S3,,,,,,,,
,Age,Age,Number,10,Yes,No,No,No,INPUT,Yes,,Yes,,,,,,,Section2,78,,,,,,,,,Yes,Yes,,,"{""minValue"":""18"", ""maxValue"":""40"",""rowNumber"":""1""}",,
,Percentage,Percentage,BigDecimal,"14,2",No,No,No,No,INPUT,Yes,,Yes,,,,,,,Section2,98.45,,,,,,,,,Yes,No,,,"{""minValue"":""35"", ""maxValue"":""100"",""rowNumber"":""1""}",,
,CollegeId,College Id,Long,10,Yes,No,No,No,INPUT,Yes,,Yes,,,,,,,Section2,143,,,,,,,,,,,,,"{""minValue"":""100"", ""maxValue"":""1000""}",,
,DateTimeField,Date Time Field,DateTime,20,No,No,No,No,DATETIME,Yes,,Yes,,,,,,,Section2,,,,,,,,,,,,,,"{""pageLoadDefaultValue"":""CurrentTime""}",,
,DateTimeWithSecondsField,Date Time With Seconds Field,DateTimeWithSeconds,20,No,No,No,No,DATETIME_WITH_SECONDS,Yes,,Yes,,,,,,,Section2,,,,,,,,,,,,,,"{""pageLoadDefaultValue"":""CurrentTime""}",,
,TimeField,Time Field,Time,20,No,No,No,No,TIME,Yes,,Yes,,,,,,,Section2,,,,,,,,,,,,,,,,
,TimeWithSecondsField,Time With Seconds Field,TimeWithSeconds,20,No,No,No,No,TIME_WITH_SECONDS,Yes,,Yes,,,,,,,Section2,,,,,,,,,,,,,,,,
,IsPassed,Is Passed,Boolean,10,Yes,No,No,No,BOOLEAN,Yes,,Yes,,,,,,,Section1,,,,,,Yes,,,,,,,,,,
,PassMarks,Pass Marks,Number,10,No,No,No,No,INPUT,Yes,,Yes,,,,,,,Section1,,,,,,,IsPassed:true,,,,,,,,,
,FailMarks,Fail Marks,Number,10,No,No,No,No,INPUT,Yes,,Yes,,,,,,,Section1,,,,,,,IsPassed:false,,,,,,,,,
,Grade,Grade,Combo,50,No,No,No,No,COMBO(Grade),Yes,,Yes,,,,,,,Section2,A,,,,,,,,,,,,,,,
,GradeAMarks,Grade A Marks,Number,10,No,No,No,No,INPUT,Yes,,Yes,,,,,,,Section2,,,,,,,,,,,,,,,,
,GradeBMarks,Grade B Marks,Number,10,No,No,No,No,INPUT,Yes,,Yes,,,,,,,Section2,,,,,,,,,,,,,,,,
,GradeCMarks,Grade C Marks,Number,10,No,No,No,No,INPUT,Yes,,Yes,,,,,,,Section2,,,,,,,,,,,,,,,,
,Location,Context,Flexfield,,No,No,No,No,FLEXFIELD,No,,No,,,Yes,,,,Section2,,,,,,,,,,,,,,"{""flexfieldColumnsCount"":5}",,
,DegreeType,Degree Type,Flexfield,,No,No,No,No,FLEXFIELD,No,,No,,,Yes,,,,Section2,,,,,,,,,,,,,,"{""flexfieldColumnsCount"":4}",,
END,Faculty,Faculty,Lookup,,No,No,No,No,LOOKUP(Faculty),,,,,,Yes,,,,Section2,,,,,,,,,,,,,,,,
,,,,,,,,,,,,,,,,,,,,,,,,,,,,,,,,,,,
StudentFeePayment,Student,Student,Lookup,,No,No,No,No,LOOKUP(Student),,,,,,,,,,,,,,,,,,,,,,,,,,
,Name,Name,String,50,No,No,No,No,INPUT,,,,,,,,,,,,,,,,,,,,,,,,,,
,Amount,Amount,Number,10,No,No,No,No,INPUT,,,,,,,,,,,,,,,,,,,,,,,,,,
,Currency,Currency,String,20,No,No,No,No,INPUT,,,,,,,,,,,,,,,,,,,,,,,,,,
,EmailId,Email Id,String,50,No,No,No,No,INPUT,,,,,,,,,,,,,,,,,,,,,,,,,,
,ContactNo,Contact No,String,20,No,No,No,No,INPUT,,,,,,,,,,,,,,,,,,,,,,,,,,
,PaymentStatus,Payment Status,Combo,50,No,No,No,No,COMBO(PaymentStatus),,,,,,,,,,,,,,,,,,,,,,,,,,
,PaymentRequestUUID,PaymentRequestUUID,String,36,No,No,No,No,INPUT,,,,,,,,,,,,,,,,,,,,,,,,,,
END,OrderCreatedTime,OrderCreatedTime,DateTimeWithSeconds,50,No,No,No,No,INPUT,,,,,,,,,,,,,,,,,,,,,,,,,,
,,,,,,,,,,,,,,,,,,,,,,,,,,,,,,,,,,,
PaymentDetails,Amount,Amount,Number,,No,No,No,No,INPUT,,,,,,,,,,,,,,,,,,,,,,,,"{""minLength"":""10"",""maxLength"":""90""}",,
,Name,Name,String,50,No,No,No,No,INPUT,,,,,,,,,,,,,,,,,,,,,,,,,,
,EmailId,Email Id,String,50,No,No,No,No,INPUT,,,,,,,,,,,,,,,,,,,,,,,,,,
,ContactNo,Contact No,String,20,No,No,No,No,INPUT,,,,,,,,,,,,,,,,,,,,,,,,,,
END,Currency,Currency,String,20,No,No,No,No,INPUT,,,,,,,,,,,,,,,,,,,,,,,,,,
,,,,,,,,,,,,,,,,,,,,,,,,,,,,,,,,,,,
Faculty,FirstName,First Name,String,50,Yes,No,No,Yes,INPUT,,,Yes,,,,,,,,,,,,,,,,,,,,,,,
,LastName,Last Name,String,50,No,No,No,No,INPUT,,,Yes,,,,,,,,,,,,,,,,,,,,,,,
,PublicPic,Public Pic,File,50,No,No,No,No,FILE,,,Yes,,,,,,,,,,Yes,Yes,,,,,,,,,,,,
,PrivatePic,Private Pic,File,50,No,No,No,No,FILE,,,Yes,,,,,,,,,,,,,,,,6,,,,,,,
,EmailId,Email Id,String,50,Yes,No,No,No,INPUT,,,,Yes,,Yes,,,,,,,,,,,,,,,,,,,,
,ContactNo,Contact No,String,20,No,No,No,No,INPUT,,,,,,Yes,,,,,,,,,,,,,,,,,,,,
,ApplicationUserUUID,Application User UUID,String,36,No,No,No,No,INPUT,No,,No,,Yes,Yes,,,,,,,,,,,,,,,,,,,,
END,IsSelfServiceAccessEnabled,Is Self Service Access Enabled,Boolean,10,No,No,No,No,BOOLEAN,,,,,,Yes,,,,,,,,,,,,,,,,,,,,
,,,,,,,,,,,,,,,,,,,,,,,,,,,,,,,,,,,
StudentExamResult,Student,Student,Lookup,,Yes,No,No,No,LOOKUP(Student),,,,,,,,,,,,,,,,,,,,,,,,,,
,ExamName,Exam Name,String,100,No,No,No,No,INPUT,,,,,,,,,,,,,,,,,,,,,,,,,,
END,Marks,Marks,Number,10,No,No,No,No,INPUT,,,,,,,,,,,,,,,,,,,,,,,,,,
,,,,,,,,,,,,,,,,,,,,,,,,,,,,,,,,,,,
CustomFormField,Name,Name,String,100,Yes,No,No,Yes,INPUT,,,,Yes,,,,,,,,,,,,,,,,,,,,,,
,Label,Label,String,100,No,No,No,No,INPUT,,,,,,,,,,,,,,,,,,,,,,,,,,
END,DataType,Data Type,Combo,50,Yes,No,No,No,COMBO(CustomFormFieldDataType),,,,,,,,,,,,,,,,,,,,,,,,,,
,,,,,,,,,,,,,,,,,,,,,,,,,,,,,,,,,,,
FormFieldApi,ApiName,Api Name,String,100,Yes,No,No,Yes,INPUT,,,,,,,,,,,,,,,,,,,,,,,,,,
END,Description,Description,String,100,No,No,No,No,INPUT,,,,,,,,,,,,,,,,,,,,,,,,,,
,,,,,,,,,,,,,,,,,,,,,,,,,,,,,,,,,,,
Item,Name,Name,String,100,Yes,No,No,Yes,INPUT,,,,,,,,,,,,,,,,,,,,,,,,,,
END,Description,Description,String,100,No,No,No,No,INPUT,,,,,,,,,,,,,,,,,,,,,,,,,,
,,,,,,,,,,,,,,,,,,,,,,,,,,,,,,,,,,,
StudentDto,FirstName,First Name,String,,Yes,No,No,Yes,INPUT,Yes,,Yes,Yes,,,,,,Section1,,,,,,,,,,,,,,"{""minLength"":""10"",""maxLength"":""90""}",,
,LastName,Last Name,String,50,No,No,No,No,INPUT,Yes,,Yes,,,,,1,,Section1,,,,,,,,,,,,,,,,
,StudentPersonalInfo,Student Personal Info,StudentPersonalInfo,,Yes,No,No,No,INPUT,,,,,,,,,,,,,,,,,,,,,,,,,,
END,StudentAddressDetails,Student Address Details,StudentAddressDetails,,Yes,No,No,No,INPUT,,,,,,,,,,,,,,,,,,,,,,List,,,,
,,,,,,,,,,,,,,,,,,,,,,,,,,,,,,,,,,,
StudentPersonalInfo,Age,Age,Number,10,Yes,No,No,No,INPUT,Yes,,Yes,,,,,,,,,,,,,,,,,,,,,"{""minLength"":""18"",""maxValue"":""40""}",,
,Percentage,Percentage,BigDecimal,"14,2",Yes,No,No,No,INPUT,Yes,,Yes,,,,,,,,,,,,,,,,,Yes,No,,,"{""minValue"":""35"", ""maxValue"":""100""}",,
,CollegeId,College Id,Long,10,Yes,No,No,No,INPUT,Yes,,Yes,,,,,,,,,,,,,,,,,,,,,"{""minValue"":""100"", ""maxValue"":""1000""}",,
,Gender,Gender,Combo,50,No,No,No,No,COMBO(Gender),Yes,,Yes,,,,,,,,,,,,,,,,,,,,,,,
END,DateOfBirth,Date Of Birth,Date,20,No,No,No,No,CALENDER,Yes,Yes,Yes,,,,,,,,,,,,,,,,,,,,Date-of-birth,,,
,,,,,,,,,,,,,,,,,,,,,,,,,,,,,,,,,,,
StudentAddressDetails,Address1,Address1,String,1000,Yes,No,No,Yes,INPUT,,,,,,,,,,,,,,,,,,,,,,,,,,
,Pincode,Pincode,String,10,No,No,No,No,INPUT,,,,,,,,,,,,,,,,,,,,,,,,,,
END,Description,Description,String,100,No,No,No,No,INPUT,,,,,,,,,,,,,,,,,,,,,,,,,,
,,,,,,,,,,,,,,,,,,,,,,,,,,,,,,,,,,,
FlexField,Code,Code,String,50,Yes,No,No,Yes,INPUT,,,,,,Yes,,,,,,,,,,,,,,,,,,,,
,Name,Name,String,50,No,No,No,No,INPUT,,,,,,,,,,,,,,,,,,,,,,,,,,
,Description,Description,String,100,No,No,No,No,INPUT,,,,,,,,,,,,,,,,,,,,,,,,,,
,EnableContext,Enable Context,Boolean,10,Yes,No,No,No,BOOLEAN,,,,,,,,,,,,,,,,,,,,,,,,,,
,GlobalSegmentsCount,Global Segments Count,Number,10,No,No,No,No,INPUT,,,,,,,,,,,,,,,,,,,,,,,,,,
,MaximumColumnsCount,Maximum Columns Count,Number,10,No,No,No,No,INPUT,,,,,,Yes,,,,,,,,,,,,,,,,,,,,
END,IsFrozen,Is Frozen,Boolean,10,No,No,No,No,BOOLEAN,,,,,,,,,,,,,,,,,,,,,,,,,,
,,,,,,,,,,,,,,,,,,,,,,,,,,,,,,,,,,,
FlexfieldContextValue,Code,Code,String,50,Yes,No,No,Yes,INPUT,,,,,,,,,,,,,,,,,,,,,,,,,,
,Flexfield,FlexField,Lookup,,Yes,No,No,No,LOOKUP(FlexField),,,,,,,,,,,,,,,,,,,,,,,,,,
END,DisplayValue,Display Value,String,20,Yes,No,No,No,INPUT,,,,,,,,,,,,,,,,,,,,,,,,,,
,,,,,,,,,,,,,,,,,,,,,,,,,,,,,,,,,,,
FlexfieldSegment,SegmentName,Segment Name,String,50,Yes,No,No,No,INPUT,,,,,,,,,,,,,,,,,,,,,,,,,,
,SegmentLabel,Segment Label,String,50,Yes,No,No,No,INPUT,,,,,,,,,,,,,,,,,,,,,,,,,,
,IsGlobal,Is Global,Boolean,10,No,No,No,No,BOOLEAN,,,,,,,,,,,,,,,,,,,,,,,,,,
,IsMandatory,Is Mandatory,Boolean,10,No,No,No,No,BOOLEAN,,,,,,,,,,,,,,,,,,,,,,,,,,
,SegmentOrder,Segment Order,Number,10,No,No,No,No,INPUT,,,,,,,,,,,,,,,,,,,,,,,,,,
,IsActive,Is Active,Boolean,10,No,No,No,No,BOOLEAN,,,,,,,,,,,,,,,,,,,,,,,,,,
END,SegmentColumn,Segment Column,String,50,No,No,No,No,INPUT,,,,,,Yes,,,,,,,,,,,,,,,,,,,,
,,,,,,,,,,,,,,,,,,,,,,,,,,,,,,,,,,,
ContextValueDto,ContextValue,Context Value,String,50,No,No,No,No,INPUT,,,,,,,,,,,,,,,,,,,,,,,,,,
END,SegmentList,SegmentList,SegmentDto,,No,No,No,No,INPUT,,,,,,,,,,,,,,,,,,,,,,List,,,,
,,,,,,,,,,,,,,,,,,,,,,,,,,,,,,,,,,,
SegmentDto,Key,Key,String,50,No,No,No,No,INPUT,,,,,,,,,,,,,,,,,,,,,,,,,,
END,Label,Label,String,50,No,No,No,No,INPUT,,,,,,,,,,,,,,,,,,,,,,,,,,
,,,,,,,,,,,,,,,,,,,,,,,,,,,,,,,,,,,
Country,Name,Name,String,100,Yes,No,No,Yes,INPUT,,,,,,,,,,,,,,,,,,,,,,,,,,
END,Description,Description,String,100,No,No,No,No,INPUT,,,,,,,,,,,,,,,,,,,,,,,,,,
,,,,,,,,,,,,,,,,,,,,,,,,,,,,,,,,,,,
State,Country,Country,Lookup,,Yes,No,No,No,LOOKUP(Country),,,,,,,,,,,,,,,,,,,,,,,,,,
,Name,Name,String,100,Yes,No,No,Yes,INPUT,,,,,,,,,,,,,,,,,,,,,,,,,,
END,Description,Description,String,100,No,No,No,No,INPUT,,,,,,,,,,,,,,,,,,,,,,,,,,
,,,,,,,,,,,,,,,,,,,,,,,,,,,,,,,,,,,
Asset,Name,Name,String,100,Yes,No,No,Yes,INPUT,,,,,,,,,,,,,,,,,,,,,,,,,,
END,Description,Description,String,100,No,No,No,No,INPUT,,,,,,,,,,,,,,,,,,,,,,,,,,
,,,,,,,,,,,,,,,,,,,,,,,,,,,,,,,,,,,
AssetComponent,Name,Name,String,100,Yes,No,No,Yes,INPUT,,,,,,,,,,,,,,,,,,,,,,,,,,
END,Description,Description,String,100,No,No,No,No,INPUT,,,,,,,,,,,,,,,,,,,,,,,,,,
,,,,,,,,,,,,,,,,,,,,,,,,,,,,,,,,,,,
ComponentSpare,Name,Name,String,100,Yes,No,No,Yes,INPUT,,,,,,,,,,,,,,,,,,,,,,,,,,
END,Description,Description,String,100,No,No,No,No,INPUT,,,,,,,,,,,,,,,,,,,,,,,,,,
,,,,,,,,,,,,,,,,,,,,,,,,,,,,,,,,,,,
ClassInfo,Name,Name,String,100,Yes,No,No,Yes,INPUT,,,,,,,,,,,,,,,,,,,,,,,,,,
END,Description,Description,String,100,No,No,No,No,INPUT,,,,,,,,,,,,,,,,,,,,,,,,,,
,,,,,,,,,,,,,,,,,,,,,,,,,,,,,,,,,,,
Section,ClassInfo,Class,Lookup,,Yes,No,No,No,LOOKUP(ClassInfo),,,,,,,,,,,,,,,,,,,,,,,,,,
,Name,Name,String,100,Yes,No,No,Yes,INPUT,,,,,,,,,,,,,,,,,,,,,,,,,,
END,Description,Description,String,100,No,No,No,No,INPUT,,,,,,,,,,,,,,,,,,,,,,,,,,
,,,,,,,,,,,,,,,,,,,,,,,,,,,,,,,,,,,
MultiplicationTable,number1,number1,String,50,No,No,No,No,INPUT,,,,,,,,,,,,,,,,,,,,,,,,,,
,number2,number2,String,50,No,No,No,No,INPUT,,,,,,,,,,,,,,,,,,,,,,,,,,
END,product,product,String,20,No,No,No,No,INPUT,,,,,,,,,,,,,,,,,,,,,,,,,,
,,,,,,,,,,,,,,,,,,,,,,,,,,,,,,,,,,,
EmailNotificationTest,Subject,Subject,String,200,Yes,No,No,No,INPUT,,,,,,,,,,,,,,,,,,,,,,,,,,
,EmailText,Email Text,String,100,No,No,No,No,INPUT,,,,,,,,,,,,,,,,,,,,,,,,,,
,EmailId,Email Id,String,100,No,No,No,No,INPUT,,,,,,,,,,,,,,,,,,,,,,,,,,
,IsEmailAddedToQueue,Is Email Added To Queue,Boolean,10,No,No,No,No,BOOLEAN,,,,,,,,,,,,,,,,,,,,,,,,,,
END,IsEmailSent,Is Email Sent,Boolean,10,No,No,No,No,BOOLEAN,,,,,,,,,,,,,,,,,,,,,,,,,,
,,,,,,,,,,,,,,,,,,,,,,,,,,,,,,,,,,,
Parent,FirstName,FirstName,String,100,Yes,No,No,Yes,INPUT,,,,,,,,,,,,,,,,,,,,,,,,,,
,LastName,LastName,String,100,No,No,No,No,INPUT,,,,,,,,,,,,,,,,,,,,,,,,,,
END,MobileNumber,Mobile Number,String,20,No,No,No,No,INPUT,,,,,,,,,,,,,,,,,,,,,,,,,,
,,,,,,,,,,,,,,,,,,,,,,,,,,,,,,,,,,,
Child,ChildFirstName,Child First Name,String,100,Yes,No,No,Yes,INPUT,,,,,,,,,,,,,,,,,,,,,,,,,,
END,ChildLastName,Child Last Name,String,100,No,No,No,No,INPUT,,,,,,,,,,,,,,,,,,,,,,,,,,
,,,,,,,,,,,,,,,,,,,,,,,,,,,,,,,,,,,
ParentMobileNumber,Parent,Parent,Lookup,,No,No,No,No,LOOKUP(Parent),,,,,,,,,,,,,,,,,,,,,,,,,,
END,MobileNumber,Mobile Number,String,20,No,No,No,No,INPUT,,,,,,,,,,,,,,,,,,,,,,,,,,
,,,,,,,,,,,,,,,,,,,,,,,,,,,,,,,,,,,
Vehicle,Model,Model,String,100,Yes,No,No,Yes,INPUT,,,,,,,,,,,,,,,,,,,,,,,,,,
,VehicleStatus,Vehicle Status,String,100,No,No,No,No,INPUT,,,Yes,,,Yes,,,,,,,,,,,,,,,,,,,,
,AdditionalData,Additional Data,String,100,No,No,No,No,INPUT,,,Yes,,,Yes,,,,,,,,,,,,,,,,,,,,
,Cost,Cost,String,100,No,No,No,No,INPUT,,,,,,,,,,,,,,,,,,,,,,,,,,
END,PartSupplier,Part Supplier,Lookup,,No,No,No,No,SEARCH_POPUP(PartSupplier),,,,,,,,,,,,,,,,,,,,,,,,,,
,,,,,,,,,,,,,,,,,,,,,,,,,,,,,,,,,,,
PartSupplier,Name,Name,String,100,Yes,No,No,Yes,INPUT,,,,,,,,,,,,,,,,,,,,,,,,,,
END,Address,Address,String,100,No,No,No,No,INPUT,,,,,,,,,,,,,,,,,,,,,,,,,,
,,,,,,,,,,,,,,,,,,,,,,,,,,,,,,,,,,,
Hostel,Name,Name,String,100,Yes,No,No,Yes,INPUT,,,,,,,,,,,,,,,,,,,,,,,,,,
END,Location,Location,String,100,No,No,No,No,INPUT,,,,,,,,,,,,,,,,,,,,,,,,,,
,,,,,,,,,,,,,,,,,,,,,,,,,,,,,,,,,,,
Resident,Name,Name,String,100,Yes,No,No,Yes,INPUT,,,,,,,,,,,,,,,,,,,,,,,,,,
END,Address,Address,String,100,No,No,No,No,INPUT,,,,,,,,,,,,,,,,,,,,,,,,,,
,,,,,,,,,,,,,,,,,,,,,,,,,,,,,,,,,,,
Voucher,VoucherNo,Voucher No,String,100,Yes,No,No,Yes,INPUT,,,Yes,,,,,,,,,,,,,,,,,,,,,,,
,VoucherStatus,Order Status,String,100,No,No,No,No,INPUT,,,Yes,,,Yes,,,,,,,,,,,,,,,,,,,,
END,VoucherDate,Voucher Date,String,100,No,No,No,No,INPUT,,,Yes,,,,,,,,,,,,,,,,,,,,,,,
,,,,,,,,,,,,,,,,,,,,,,,,,,,,,,,,,,,
VoucherItem,ItemName,Item Name,String,100,Yes,No,No,Yes,INPUT,,,,,,,,,,,,,,,,,,,,,,,,,,
END,ItemDescription,Item Description,String,100,No,No,No,No,INPUT,,,,,,,,,,,,,,,,,,,,,,,,,,
,,,,,,,,,,,,,,,,,,,,,,,,,,,,,,,,,,,
SalesOrder,OrderNo,Order No,String,100,Yes,No,No,Yes,INPUT,,,Yes,,,,,,,,,,,,,,,,,,,,,,,
,AdditionalData,Additional Data,String,100,No,No,No,No,INPUT,,,Yes,,,Yes,,,,,,,,,,,,,,,,,,,,
,OrderStatus,Order Status,String,100,No,No,No,No,INPUT,,,Yes,,,Yes,,,,,,,,,,,,,,,,,,,,
END,OrderDate,Order Date,String,100,No,No,No,No,INPUT,,,Yes,,,,,,,,,,,,,,,,,,,,,,,
,,,,,,,,,,,,,,,,,,,,,,,,,,,,,,,,,,,
SalesOrderItem,ItemName,Item Name,String,100,Yes,No,No,Yes,INPUT,,,,,,,,,,,,,,,,,,,,,,,,,,
,ItemDescription,Item Description,String,100,No,No,No,No,INPUT,,,,,,,,,,,,,,,,,,,,,,,,,,
END,Faculty,Faculty,Lookup,,No,No,No,No,SEARCH_POPUP(Faculty),,,,,,,,,,,,,,,,,,,,,,,,,,
,,,,,,,,,,,,,,,,,,,,,,,,,,,,,,,,,,,
Branch,BranchName,Branch Name,String,100,Yes,No,No,Yes,INPUT,,,Yes,,,,,,,,,,,,,,,,,,,,,,,
,BranchLocation,Branch Location,String,100,No,No,No,No,INPUT,,,Yes,,,,,,,,,,,,,,,,,,,,,,,
,Gender,Gender,Combo,50,No,No,No,No,COMBO(Gender),,,,,,,,,,,,,,,,,,,,,,,,,,
,SalesOrder,Sales Order,Lookup,,No,No,No,No,LOOKUP(SalesOrder),,,,,,,,,,,,,,,,,,,,,,,,,,
,JoininigDate,Joininig Date,Date,20,No,No,No,No,CALENDER,No,,,,,,,,,,,,,,,,,,,,,,,,,
,DateTimeField,Date Time Field,DateTime,20,No,No,No,No,DATETIME,,,,,,,,,,,,,,,,,,,,,,,,,,
,DateTimeWithSecondsField,Date Time With Seconds Field,DateTimeWithSeconds,20,No,No,No,No,DATETIME_WITH_SECONDS,,,,,,,,,,,,,,,,,,,,,,,,,,
,TimeField,Time Field,Time,20,No,No,No,No,TIME,,,,,,,,,,,,,,,,,,,,,,,,,,
,TimeWithSecondsField,Time With Seconds Field,TimeWithSeconds,20,No,No,No,No,TIME_WITH_SECONDS,,,,,,,,,,,,,,,,,,,,,,,,,,
,EnableJobDetails,Enable Job Details,Boolean,10,No,No,No,,BOOLEAN,,,,,,,,,,,,,,,,,,,,,,,,,,
,NoOfChildren,No Of Children,Number,10,No,No,No,No,INPUT,,,,,,,,,,,,,,,,,,,,,,,,,,
,Salary,Salary,BigDecimal,"14,2",No,No,No,No,INPUT,,,,,,,,,,,,,,,,,,,,,,,,,,
END,ObjectId,ObjectId,Long,10,Yes,No,No,No,INPUT,,tempapp,,,,,,,,,,,,,,,,,,,,,,,,
,,,,,,,,,,,,,,,,,,,,,,,,,,,,,,,,,,,
Admission,FirstName,First Name,String,50,Yes,No,No,Yes,INPUT,Yes,,Yes,,,,,,,BasicDetails,,,,,,,,,,,,,,,,
,LastName,Last Name,String,50,Yes,No,No,Yes,INPUT,,,Yes,,,,,,,BasicDetails,,,,,,,,,,,,,,,,
,DateOfBirth,Date Of Birth,Date,10,Yes,No,No,No,CALENDER,,,,,,,,,,BasicDetails,,,,,,,,,,,,,,,,
,Gender,Gender,Combo,20,Yes,No,No,No,COMBO(Gender),,,,,,,,,,BasicDetails,,,,,,,,,,,,,,,,
,AddressLine1,Address Line 1,String,50,No,No,No,No,TEXT,,,,,,,,,,AddressDetails,,,,,,,,,,,,,,,,
,AddressLine2,Address Line 2,String,200,No,No,No,No,TEXT,,,,,,,,,,AddressDetails,,,,,,,,,,,,,,,,
,State,State,String,100,No,No,No,No,TEXT,,,,,,,,,,AddressDetails,,,,,,,,,,,,,,,,
,City,City,String,100,No,No,No,No,TEXT,,,,,,,,,,AddressDetails,,,,,,,,,,,,,,,,
,Pincode,Pincode,String,10,No,No,No,No,TEXT,,,,,,,,,,AddressDetails,,,,,,,,,,,,,,,,
,FatherName,Name,String,100,No,No,No,No,TEXT,,,,,,,,,,FatherDetails,,,,,,,,,,,,,,,,
,FatherPhoneNo,Phone No,String,100,No,No,No,No,TEXT,,,,,,,,,,FatherDetails,,,,,,,,,,,,,,,,
,FatherOccupation,Occupation,String,100,No,No,No,No,TEXT,,,,,,,,,,FatherDetails,,,,,,,,,,,,,,,,
,FatherEmailId,Email,String,50,No,No,No,No,INPUT,,,,,,,,,,FatherDetails,,,,,,,,,,,,,,,,
,MotherName,Name,String,100,No,No,No,No,TEXT,,,,,,,,,,MotherDetails,,,,,,,,,,,,,,,,
,MotherPhoneNo,Phone No,String,100,No,No,No,No,TEXT,,,,,,,,,,MotherDetails,,,,,,,,,,,,,,,,
,MotherOccupation,Occupation,String,100,No,No,No,No,TEXT,,,,,,,,,,MotherDetails,,,,,,,,,,,,,,,,
,MotherEmailId,Email,String,50,No,No,No,No,INPUT,,,,,,,,,,MotherDetails,,,,,,,,,,,,,,,,
,GuardianName,Name,String,100,No,No,No,No,TEXT,,,,,,,,,,GuardianDetails,,,,,,,,,,,,,,,,
,GuardianPhoneNo,Phone No,String,100,No,No,No,No,TEXT,,,,,,,,,,GuardianDetails,,,,,,,,,,,,,,,,
,GuardianRelationShip,RelationShip,String,100,No,No,No,No,TEXT,,,,,,,,,,GuardianDetails,,,,,,,,,,,,,,,,
,GuardianEmailId,Email,String,50,No,No,No,No,INPUT,,,,,,,,,,GuardianDetails,,,,,,,,,,,,,,,,
,Height,Height,String,50,No,No,No,No,INPUT,,,,,,,,,,HealthProfile,,,,,,,,,,,,,,,,
,Weight ,Weight ,String,50,No,No,No,No,INPUT,,,,,,,,,,HealthProfile,,,,,,,,,,,,,,,,
,MotherTongue,Mother Tongue,String,100,No,No,No,No,INPUT,,,,,,,,,,AdditionalDetails,,,,,,,,,,,,,,,,
,SecondLanguage,Second Language,String,100,No,No,No,No,INPUT,,,,,,,,,,AdditionalDetails,,,,,,,,,,,,,,,,
,EmergencyContact,Emergency Contact,String,100,No,No,No,No,INPUT,,,,,,,,,,AdditionalDetails,,,,,,,,,,,,,,,,
,Nationality,Nationality,String,100,No,No,No,No,INPUT,,,,,,,,,,AdditionalDetails,,,,,,,,,,,,,,,,
,IdentificationMarks,Identification Marks,String,100,No,No,No,No,INPUT,,,,,,,,,,AdditionalDetails,,,,,,,,,,,,,,,,
,PreviousSchoolName,Previous School Name,String,100,No,No,No,No,INPUT,,,,,,,,,,PreviousEducationDetails,,,,,,,,,,,,,,,,
,PreviousAddress,Previous Address,String,50,No,No,No,No,INPUT,,,,,,,,,,PreviousEducationDetails,,,,,,,,,,,,,,,,
,PreviousBoard,Previous Board,String,50,No,No,No,No,INPUT,,,,,,,,,,PreviousEducationDetails,,,,,,,,,,,,,,,,
,PreviousTcNumber,Previous T.C. Number,String,50,No,No,No,No,INPUT,,,,,,,,,,PreviousEducationDetails,,,,,,,,,,,,,,,,
,LastClassPassed,Last Class Passed,String,50,No,No,No,No,INPUT,,,,,,,,,,PreviousEducationDetails,,,,,,,,,,,,,,,,
,PreviousPercentage,PreviousPercentage,String,50,No,No,No,No,INPUT,,,,,,,,,,PreviousEducationDetails,,,,,,,,,,,,,,,,
,ClassInfo,Class seeking admission for,Lookup,,Yes,No,No,No,LOOKUP(ClassInfo),Yes,,Yes,,,,,,,AdmissionDetails,,,,,,,,,,,,,,,,
,AdmissionNumber,Admission Number,String,100,No,No,No,No,INPUT,Yes,,Yes,Yes,,Yes,,,,AdmissionDetails,,,,,,,,,,,,,,,,
,DateOfAdmission,Date Of Admission,Date,10,No,No,No,No,CALENDER,Yes,,Yes,,,,,,,AdmissionDetails,,,,,,,,,,,,,,,,
,ApprovedByAccounts,Approved By Accounts,Boolean,10,No,No,No,No,BOOLEAN,Yes,,Yes,,,Yes,,,,AdmissionDetails,FALSE,,,,,,,,,,,,,,,
END,ParentFeedback,Parent Feedback,String,200,No,No,No,No,TEXTAREA,,,,,,Yes,,,,AdmissionDetails,,,,,,,,,,,,,,,,
,,,,,,,,,,,,,,,,,,,,,,,,,,,,,,,,,,,
EmployeeUpdate,EmployeeUUID,Employee UUID,String,100,Yes,No,No,No,INPUT,,,,,,,,,,,,,,,,,,,,,,,,,,
END,NameToUpdate,Name To Update,String,100,Yes,No,No,No,INPUT,,,,,,,,,,,,,,,,,,,,,,,,,,
,,,,,,,,,,,,,,,,,,,,,,,,,,,,,,,,,,,
Organisation,Name,Name,String,50,Yes,No,No,Yes,INPUT,,,,,Yes,,,1,,,,,,,,,,,,,,,,,,
,EmailId,Email Id,String,50,No,No,No,No,INPUT,,,,,,,,,,,,,,,,,,,,,,,,,,
,ContactNo,Contact No,String,20,No,No,No,No,INPUT,,,,,,,,,,,,,,,,,,,,,,,,,,
,IsCommissionAgent,Is Commission Agent,Boolean,10,No,No,Yes,No,BOOLEAN,,,Yes,,,,,,,,,,,,,Yes,,,,,,,,"{""excludeInBackendCustomAPI"":""Yes"", ""excludeInBackendApis"":""Update""}",,
,CommissionAgentName,Commission Agent Name,String,100,No,No,No,No,INPUT,,,Yes,,,,,,,,,,,,,,IsCommissionAgent:true,,,,,,,,,
,IsFranchisee,Is Franchisee,Boolean,10,No,No,Yes,No,BOOLEAN,,,Yes,,,,,,,,,,,,,Yes,,,,,,,,"{""excludeInBackendCustomAPI"":""Yes"", ""excludeInBackendApis"":""Update""}",,
END,FranchiseeName,Franchisee Name,String,100,No,No,No,No,INPUT,,,Yes,,,,,,,,,,,,,,IsFranchisee:true,,,,,,,,,
,,,,,,,,,,,,,,,,,,,,,,,,,,,,,,,,,,,
Person,Name,Name,String,50,Yes,No,No,Yes,INPUT,,,,,Yes,,,1,,,,,,,,,,,,,,,,,,
,EmailId,Email Id,String,50,No,No,No,No,INPUT,,,,,,,,,,,,,,,,,,,,,,,,,,
END,ContactNo,Contact No,String,20,No,No,No,No,INPUT,,,,,,,,,,,,,,,,,,,,,,,,,,
,,,,,,,,,,,,,,,,,,,,,,,,,,,,,,,,,,,
SalesInvoice2,InvoiceNo,Invoice No,String,50,Yes,No,No,Yes,INPUT,Yes,,Yes,,,,,,,,,,,,,,,,,,,,,,,
,Location1,Location1,Lookup,,No,No,No,No,SEARCH_POPUP(EmpLocation),,,,,,,,,,,,,,,,,,,,,,,,,,
,InvoiceDate,Invoice Date,Date,20,No,No,No,No,CALENDER,Yes,,Yes,,,,,,,,,,,,,,,,,,,,,,,
,PaymentDate,Payment Date,Date,20,No,No,No,No,CALENDER,Yes,,Yes,,,,,,,,currentTime,,,,,,,,,,,,,,,
,PaymentTime,Payment Time,DateTime,20,No,No,No,No,DATETIME,Yes,,Yes,,,,,,,,currentTime,,,,,,,,,,,,,,,
,BuyerType,Buyer Type,Combo,20,Yes,No,No,No,COMBO(BuyerType),Yes,,Yes,,,,,,,,,,,,,Yes,,,,,,,,,,
,Organisation,Organisation,Lookup,,No,No,No,No,LOOKUP(Organisation),Yes,,Yes,,,,,,,,,,,,,,BuyerType:Organisation,,,,,,,,,
,Person,Person,Lookup,,No,No,No,No,LOOKUP(Person),Yes,,Yes,,,,,,,,,,,,,,BuyerType:Individual,,,,,,,,,
END,BuyerUUID,Buyer UUID,String,36,Yes,No,No,No,INPUT,Yes,,Yes,,,,,,,,,,,,,,,,,,,,,,,
,,,,,,,,,,,,,,,,,,,,,,,,,,,,,,,,,,,
UploadPerson,FirstName,First Name,String,100,Yes,No,No,Yes,INPUT,,,,,,,,,,,,,,,,,,,,,,,,,Yes,FirstName
,LastName,Last Name,String,100,Yes,No,No,No,INPUT,,,,,,,,,,,,,,,,,,,,,,,,,Yes,LastName
,Address,Address,String,100,No,No,No,No,INPUT,,,,,,,,,,,,,,,,,,,,,,,,,Yes,Address
END,Location,Location,Lookup,,No,No,No,No,LOOKUP(EmpLocation),,,,,,,,,,,,,,,,,,,,,,,,,Yes,Location
,,,,,,,,,,,,,,,,,,,,,,,,,,,,,,,,,,,
,,,,,,,,,,,,,,,,,,,,,,,,,,,,,,,,,,,
StateForUpload,Name,Name,String,100,Yes,No,No,Yes,INPUT,,,,,,,,,,,,,,,,,,,,,,,,,Yes,StateName
,Code,Code,String,100,No,No,No,No,INPUT,,,,,,,,,,,,,,,,,,,,,,,,,Yes,StateCode
END,Country,Country,Lookup,,No,No,No,No,LOOKUP(CounryForUpload),,,,,,,,,,,,,,,,,,,,,,,,,Yes,
,,,,,,,,,,,,,,,,,,,,,,,,,,,,,,,,,,,
CounryForUpload,Name,Name,String,100,Yes,No,No,Yes,INPUT,,,,,,,,,,,,,,,,,,,,,,,,,Yes,CountryName
END,Code,Code,String,100,No,No,No,No,INPUT,,,,,,,,,,,,,,,,,,,,,,,,,Yes,CountryCode
,,,,,,,,,,,,,,,,,,,,,,,,,,,,,,,,,,,
ConfigProperty,PropertyName,Property Name,String,100,No,No,No,No,INPUT,,,,,,,,,,,,,,,,,,,,,,,,,,
END,PropertyValue,Property Value,String,1000,No,No,No,No,INPUT,,,,,,,,,,,,,,,,,,,,,,,,,,
,,,,,,,,,,,,,,,,,,,,,,,,,,,,,,,,,,,
TestFlyway,Column1,Column1,BigDecimal,"14,2",No,No,No,No,INPUT,,,,,,,,,,,,,,,,,,,,,,,,,,
END,Column2,Column2,BigDecimal,"14,2",No,No,No,No,INPUT,,,,,,,,,,,,,,,,,,,,,,,,,,
,,,,,,,,,,,,,,,,,,,,,,,,,,,,,,,,,,,
StudentLeave,Name,Name,String,100,Yes,No,No,No,INPUT,Yes,,Yes,,,,,,,,,,,,,,,,,,,,,,,
,LeaveDate,Date ,Date,20,Yes,No,No,No,CALENDER,Yes,,Yes,,,,,,,,,,,,,,,,,,,,,,,
END,Reason,Reason,String,200,Yes,No,No,No,INPUT,,,Yes,,,,,,,,,,,,,,,,,,,,,,,
